OriginalVariableNames,Baseline,Proposed
SuccessRate_percent,76.4492753623188,87.8787878787879
MeanSINR_dB,17.1351611607963,17.672321923683
MeanRadarSNR_dB,-8.65344095062291,-21.8492174050565
